test_id,metric_path,value
connection,ip,"""10.161.192.49"""
connection,naoqi_version,"""2.8.5.10"""
connection,port,9559
connection,rpc_latency_ms.count,5
connection,rpc_latency_ms.max,13.99993896484375
connection,rpc_latency_ms.mean,8.40001106262207
connection,rpc_latency_ms.total,42.00005531311035
connection,tcp_latency_ms,48.00009727478027
system,autonomous_life_state,"""solitary"""
system,disk_free[0][0][0],"""filesystem"""
system,disk_free[0][0][1],"""userdata"""
system,disk_free[0][1][0],"""path"""
system,disk_free[0][1][1],"""/data"""
system,disk_free[0][2][0],"""size"""
system,disk_free[0][2][1],25796896
system,disk_free[0][3][0],"""free"""
system,disk_free[0][3][1],22800060
system,free_memory_kb,"""2642652"""
system,naoqi_version,"""2.8.5.10"""
system,robot_config.Arm Version,"""VERSION_50"""
system,robot_config.Arms,true
system,robot_config.Body Version,"""VERSION_50"""
system,robot_config.Extended Arms,true
system,robot_config.Hands,true
system,robot_config.Head Version,"""VERSION_50"""
system,robot_config.Laser,false
system,robot_config.Legs,true
system,robot_config.Model Type,"""naoH25"""
system,robot_config.Number of Arms,2
system,robot_config.Number of Hands,2
system,robot_config.Number of Legs,2
system,robot_name,"""nao"""
system,robot_type,"""Nao"""
system,timezone,"""Asia/Hong_Kong"""
system,total_memory_kb,"""3932504"""
services,available[0],"""ALMemory"""
services,available[1],"""ALSystem"""
services,available[2],"""ALMotion"""
services,available[3],"""ALTextToSpeech"""
services,available[4],"""ALAudioDevice"""
services,available[5],"""ALAudioPlayer"""
services,available[6],"""ALVideoDevice"""
services,available[7],"""ALLeds"""
services,available[8],"""ALTouch"""
services,available[9],"""ALSonar"""
services,available[10],"""ALBattery"""
services,available[11],"""ALDiagnosis"""
services,available[12],"""ALRobotPosture"""
services,available[13],"""ALBodyTemperature"""
services,available[14],"""ALNotificationManager"""
diagnosis,active_error_keys.Diagnosis/Active/CameraTop/Error,1
diagnosis,api.getActiveDiagnosis[0],0
diagnosis,api.getActiveDiagnosis[1][0],"""CameraTop"""
diagnosis,api.getDiagnosisStatus[0],0
diagnosis,api.getDiagnosisStatus[1][0],"""CameraTop"""
battery,charge_percent,79.0
battery,getBatteryCharge,79
battery,memory.Device/SubDeviceList/Battery/Charge/Sensor/Status,-32708.0
battery,memory.Device/SubDeviceList/Battery/Charge/Sensor/Value,0.7900000214576721
battery,memory.Device/SubDeviceList/Battery/Current/Sensor/Value,-1.2070000171661377
battery,memory.Device/SubDeviceList/Battery/Temperature/Sensor/Status,0
battery,memory.Device/SubDeviceList/Battery/Temperature/Sensor/Value,2.1000001430511475
battery,memory.Diagnosis/Active/Battery/Error,0
battery,memory.Diagnosis/Temperature/Battery/Error,0
boards,counters[0].after,23657.0
boards,counters[0].before,23582.0
boards,counters[0].delta,75.0
boards,counters[0].key,"""Device/DeviceList/Battery/Ack"""
boards,counters[1].after,0.0
boards,counters[1].before,0.0
boards,counters[1].delta,0.0
boards,counters[1].key,"""Device/DeviceList/Battery/Nack"""
boards,counters[2].after,171.0
boards,counters[2].before,171.0
boards,counters[2].delta,0.0
boards,counters[2].key,"""Device/DeviceList/Chest-Eeprom-80/Ack"""
boards,counters[3].after,0.0
boards,counters[3].before,0.0
boards,counters[3].delta,0.0
boards,counters[3].key,"""Device/DeviceList/Chest-Eeprom-80/Nack"""
boards,counters[4].after,167.0
boards,counters[4].before,167.0
boards,counters[4].delta,0.0
boards,counters[4].key,"""Device/DeviceList/Chest-Eeprom-81/Ack"""
boards,counters[5].after,0.0
boards,counters[5].before,0.0
boards,counters[5].delta,0.0
boards,counters[5].key,"""Device/DeviceList/Chest-Eeprom-81/Nack"""
boards,counters[6].after,106520.0
boards,counters[6].before,106184.0
boards,counters[6].delta,336.0
boards,counters[6].key,"""Device/DeviceList/ChestBoard/Ack"""
boards,counters[7].after,49.0
boards,counters[7].before,49.0
boards,counters[7].delta,0.0
boards,counters[7].key,"""Device/DeviceList/ChestBoard/Nack"""
boards,counters[8].after,35487.0
boards,counters[8].before,35375.0
boards,counters[8].delta,112.0
boards,counters[8].key,"""Device/DeviceList/HeadBoard/Ack"""
boards,counters[9].after,4.0
boards,counters[9].before,4.0
boards,counters[9].delta,0.0
boards,counters[9].key,"""Device/DeviceList/HeadBoard/Nack"""
boards,counters[10].after,35595.0
boards,counters[10].before,35483.0
boards,counters[10].delta,112.0
boards,counters[10].key,"""Device/DeviceList/InertialSensor/Ack"""
boards,counters[11].after,0.0
boards,counters[11].before,0.0
boards,counters[11].delta,0.0
boards,counters[11].key,"""Device/DeviceList/InertialSensor/Nack"""
boards,counters[12].after,35490.0
boards,counters[12].before,35378.0
boards,counters[12].delta,112.0
boards,counters[12].key,"""Device/DeviceList/LeftArmBoard/Ack"""
boards,counters[13].after,0.0
boards,counters[13].before,0.0
boards,counters[13].delta,0.0
boards,counters[13].key,"""Device/DeviceList/LeftArmBoard/Nack"""
boards,counters[14].after,38264.0
boards,counters[14].before,38145.0
boards,counters[14].delta,119.0
boards,counters[14].key,"""Device/DeviceList/LeftFootBoard/Ack"""
boards,counters[15].after,2.0
boards,counters[15].before,2.0
boards,counters[15].delta,0.0
boards,counters[15].key,"""Device/DeviceList/LeftFootBoard/Nack"""
boards,counters[16].after,35487.0
boards,counters[16].before,35375.0
boards,counters[16].delta,112.0
boards,counters[16].key,"""Device/DeviceList/LeftHandBoard/Ack"""
boards,counters[17].after,3.0
boards,counters[17].before,3.0
boards,counters[17].delta,0.0
boards,counters[17].key,"""Device/DeviceList/LeftHandBoard/Nack"""
boards,counters[18].after,35490.0
boards,counters[18].before,35378.0
boards,counters[18].delta,112.0
boards,counters[18].key,"""Device/DeviceList/LeftHipBoard/Ack"""
boards,counters[19].after,0.0
boards,counters[19].before,0.0
boards,counters[19].delta,0.0
boards,counters[19].key,"""Device/DeviceList/LeftHipBoard/Nack"""
boards,counters[20].after,35486.0
boards,counters[20].before,35374.0
boards,counters[20].delta,112.0
boards,counters[20].key,"""Device/DeviceList/LeftShinBoard/Ack"""
boards,counters[21].after,4.0
boards,counters[21].before,4.0
boards,counters[21].delta,0.0
boards,counters[21].key,"""Device/DeviceList/LeftShinBoard/Nack"""
boards,counters[22].after,35488.0
boards,counters[22].before,35376.0
boards,counters[22].delta,112.0
boards,counters[22].key,"""Device/DeviceList/LeftShoulderBoard/Ack"""
boards,counters[23].after,2.0
boards,counters[23].before,2.0
boards,counters[23].delta,0.0
boards,counters[23].key,"""Device/DeviceList/LeftShoulderBoard/Nack"""
boards,counters[24].after,35478.0
boards,counters[24].before,35366.0
boards,counters[24].delta,112.0
boards,counters[24].key,"""Device/DeviceList/LeftThighBoard/Ack"""
boards,counters[25].after,12.0
boards,counters[25].before,12.0
boards,counters[25].delta,0.0
boards,counters[25].key,"""Device/DeviceList/LeftThighBoard/Nack"""
boards,counters[26].after,35489.0
boards,counters[26].before,35377.0
boards,counters[26].delta,112.0
boards,counters[26].key,"""Device/DeviceList/RightArmBoard/Ack"""
boards,counters[27].after,1.0
boards,counters[27].before,1.0
boards,counters[27].delta,0.0
boards,counters[27].key,"""Device/DeviceList/RightArmBoard/Nack"""
boards,counters[28].after,38263.0
boards,counters[28].before,38144.0
boards,counters[28].delta,119.0
boards,counters[28].key,"""Device/DeviceList/RightFootBoard/Ack"""
boards,counters[29].after,3.0
boards,counters[29].before,3.0
boards,counters[29].delta,0.0
boards,counters[29].key,"""Device/DeviceList/RightFootBoard/Nack"""
boards,counters[30].after,35488.0
boards,counters[30].before,35376.0
boards,counters[30].delta,112.0
boards,counters[30].key,"""Device/DeviceList/RightHandBoard/Ack"""
boards,counters[31].after,2.0
boards,counters[31].before,2.0
boards,counters[31].delta,0.0
boards,counters[31].key,"""Device/DeviceList/RightHandBoard/Nack"""
boards,counters[32].after,35488.0
boards,counters[32].before,35376.0
boards,counters[32].delta,112.0
boards,counters[32].key,"""Device/DeviceList/RightHipBoard/Ack"""
boards,counters[33].after,2.0
boards,counters[33].before,2.0
boards,counters[33].delta,0.0
boards,counters[33].key,"""Device/DeviceList/RightHipBoard/Nack"""
boards,counters[34].after,35489.0
boards,counters[34].before,35377.0
boards,counters[34].delta,112.0
boards,counters[34].key,"""Device/DeviceList/RightShinBoard/Ack"""
boards,counters[35].after,1.0
boards,counters[35].before,1.0
boards,counters[35].delta,0.0
boards,counters[35].key,"""Device/DeviceList/RightShinBoard/Nack"""
boards,counters[36].after,35489.0
boards,counters[36].before,35377.0
boards,counters[36].delta,112.0
boards,counters[36].key,"""Device/DeviceList/RightShoulderBoard/Ack"""
boards,counters[37].after,1.0
boards,counters[37].before,1.0
boards,counters[37].delta,0.0
boards,counters[37].key,"""Device/DeviceList/RightShoulderBoard/Nack"""
boards,counters[38].after,35478.0
boards,counters[38].before,35366.0
boards,counters[38].delta,112.0
boards,counters[38].key,"""Device/DeviceList/RightThighBoard/Ack"""
boards,counters[39].after,12.0
boards,counters[39].before,12.0
boards,counters[39].delta,0.0
boards,counters[39].key,"""Device/DeviceList/RightThighBoard/Nack"""
boards,counters[40].after,5641.0
boards,counters[40].before,5619.0
boards,counters[40].delta,22.0
boards,counters[40].key,"""Device/DeviceList/USBoard/Ack"""
boards,counters[41].after,0.0
boards,counters[41].before,0.0
boards,counters[41].delta,0.0
boards,counters[41].key,"""Device/DeviceList/USBoard/Nack"""
temperature,body_temperature_diagnosis,null
temperature,fail_threshold_c,60.0
temperature,joints[0].joint,"""HeadYaw"""
temperature,joints[0].temperature_c,38.0
temperature,joints[0].temperature_status,0.0
temperature,joints[1].joint,"""HeadPitch"""
temperature,joints[1].temperature_c,38.0
temperature,joints[1].temperature_status,0.0
temperature,joints[2].joint,"""LShoulderPitch"""
temperature,joints[2].temperature_c,38.0
temperature,joints[2].temperature_status,0.0
temperature,joints[3].joint,"""LShoulderRoll"""
temperature,joints[3].temperature_c,38.0
temperature,joints[3].temperature_status,0.0
temperature,joints[4].joint,"""LElbowYaw"""
temperature,joints[4].temperature_c,38.0
temperature,joints[4].temperature_status,0.0
temperature,joints[5].joint,"""LElbowRoll"""
temperature,joints[5].temperature_c,38.0
temperature,joints[5].temperature_status,0.0
temperature,joints[6].joint,"""LWristYaw"""
temperature,joints[6].temperature_c,38.0
temperature,joints[6].temperature_status,0.0
temperature,joints[7].joint,"""LHand"""
temperature,joints[7].temperature_c,38.0
temperature,joints[7].temperature_status,0.0
temperature,joints[8].joint,"""LHipYawPitch"""
temperature,joints[8].temperature_c,33.0
temperature,joints[8].temperature_status,0.0
temperature,joints[9].joint,"""LHipRoll"""
temperature,joints[9].temperature_c,27.0
temperature,joints[9].temperature_status,0.0
temperature,joints[10].joint,"""LHipPitch"""
temperature,joints[10].temperature_c,27.0
temperature,joints[10].temperature_status,0.0
temperature,joints[11].joint,"""LKneePitch"""
temperature,joints[11].temperature_c,27.0
temperature,joints[11].temperature_status,0.0
temperature,joints[12].joint,"""LAnklePitch"""
temperature,joints[12].temperature_c,27.0
temperature,joints[12].temperature_status,0.0
temperature,joints[13].joint,"""LAnkleRoll"""
temperature,joints[13].temperature_c,28.0
temperature,joints[13].temperature_status,0.0
temperature,joints[14].joint,"""RHipYawPitch"""
temperature,joints[14].temperature_c,0.0
temperature,joints[14].temperature_status,0.0
temperature,joints[15].joint,"""RHipRoll"""
temperature,joints[15].temperature_c,28.0
temperature,joints[15].temperature_status,0.0
temperature,joints[16].joint,"""RHipPitch"""
temperature,joints[16].temperature_c,28.0
temperature,joints[16].temperature_status,0.0
temperature,joints[17].joint,"""RKneePitch"""
temperature,joints[17].temperature_c,28.0
temperature,joints[17].temperature_status,0.0
temperature,joints[18].joint,"""RAnklePitch"""
temperature,joints[18].temperature_c,27.0
temperature,joints[18].temperature_status,0.0
temperature,joints[19].joint,"""RAnkleRoll"""
temperature,joints[19].temperature_c,28.0
temperature,joints[19].temperature_status,0.0
temperature,joints[20].joint,"""RShoulderPitch"""
temperature,joints[20].temperature_c,38.0
temperature,joints[20].temperature_status,0.0
temperature,joints[21].joint,"""RShoulderRoll"""
temperature,joints[21].temperature_c,38.0
temperature,joints[21].temperature_status,0.0
temperature,joints[22].joint,"""RElbowYaw"""
temperature,joints[22].temperature_c,38.0
temperature,joints[22].temperature_status,0.0
temperature,joints[23].joint,"""RElbowRoll"""
temperature,joints[23].temperature_c,38.0
temperature,joints[23].temperature_status,0.0
temperature,joints[24].joint,"""RWristYaw"""
temperature,joints[24].temperature_c,38.0
temperature,joints[24].temperature_status,0.0
temperature,joints[25].joint,"""RHand"""
temperature,joints[25].temperature_c,38.0
temperature,joints[25].temperature_status,0.0
temperature,warn_threshold_c,50.0
joints_static,fail_error_rad,0.15
joints_static,joints[0].absolute_error,0.009245872497558594
joints_static,joints[0].command,0.0
joints_static,joints[0].joint,"""HeadYaw"""
joints_static,joints[0].sensor,-0.009245872497558594
joints_static,joints[0].stiffness,1.0
joints_static,joints[1].absolute_error,0.011053845286369324
joints_static,joints[1].command,-0.17000003159046173
joints_static,joints[1].joint,"""HeadPitch"""
joints_static,joints[1].sensor,-0.18105387687683105
joints_static,joints[1].stiffness,1.0
joints_static,joints[2].absolute_error,0.03652787208557129
joints_static,joints[2].command,1.4606142044067383
joints_static,joints[2].joint,"""LShoulderPitch"""
joints_static,joints[2].sensor,1.4971420764923096
joints_static,joints[2].stiffness,1.0
joints_static,joints[3].absolute_error,0.02556779980659485
joints_static,joints[3].command,0.21113994717597961
joints_static,joints[3].joint,"""LShoulderRoll"""
joints_static,joints[3].sensor,0.18557214736938477
joints_static,joints[3].stiffness,1.0
joints_static,joints[4].absolute_error,0.007072329521179199
joints_static,joints[4].command,-1.2082360982894897
joints_static,joints[4].joint,"""LElbowYaw"""
joints_static,joints[4].sensor,-1.2011637687683105
joints_static,joints[4].stiffness,1.0
joints_static,joints[5].absolute_error,0.01521804928779602
joints_static,joints[5].command,-0.46181389689445496
joints_static,joints[5].joint,"""LElbowRoll"""
joints_static,joints[5].sensor,-0.477031946182251
joints_static,joints[5].stiffness,1.0
joints_static,joints[6].absolute_error,0.02671891450881958
joints_static,joints[6].command,0.10184293985366821
joints_static,joints[6].joint,"""LWristYaw"""
joints_static,joints[6].sensor,0.07512402534484863
joints_static,joints[6].stiffness,1.0
joints_static,joints[7].absolute_error,0.006709396839141846
joints_static,joints[7].command,0.287109375
joints_static,joints[7].joint,"""LHand"""
joints_static,joints[7].sensor,0.28039997816085815
joints_static,joints[7].stiffness,1.0
joints_static,joints[8].absolute_error,0.008189678192138672
joints_static,joints[8].command,-0.16614961624145508
joints_static,joints[8].joint,"""LHipYawPitch"""
joints_static,joints[8].sensor,-0.1579599380493164
joints_static,joints[8].stiffness,1.0
joints_static,joints[9].absolute_error,0.00037957727909088135
joints_static,joints[9].command,0.1208484023809433
joints_static,joints[9].joint,"""LHipRoll"""
joints_static,joints[9].sensor,0.12122797966003418
joints_static,joints[9].stiffness,1.0
joints_static,joints[10].absolute_error,0.014187350869178772
joints_static,joints[10].command,0.13925455510616302
joints_static,joints[10].joint,"""LHipPitch"""
joints_static,joints[10].sensor,0.1534419059753418
joints_static,joints[10].stiffness,1.0
joints_static,joints[11].absolute_error,0.0015298500657081604
joints_static,joints[11].command,-0.09207788854837418
joints_static,joints[11].joint,"""LKneePitch"""
joints_static,joints[11].sensor,-0.09054803848266602
joints_static,joints[11].stiffness,1.0
joints_static,joints[12].absolute_error,0.002295941114425659
joints_static,joints[12].command,0.0835559070110321
joints_static,joints[12].joint,"""LAnklePitch"""
joints_static,joints[12].sensor,0.08125996589660645
joints_static,joints[12].stiffness,1.0
joints_static,joints[13].absolute_error,0.0034291744232177734
joints_static,joints[13].command,-0.1131129264831543
joints_static,joints[13].joint,"""LAnkleRoll"""
joints_static,joints[13].sensor,-0.11654210090637207
joints_static,joints[13].stiffness,1.0
joints_static,joints[14].absolute_error,0.008189678192138672
joints_static,joints[14].command,-0.16614961624145508
joints_static,joints[14].joint,"""RHipYawPitch"""
joints_static,joints[14].sensor,-0.1579599380493164
joints_static,joints[14].stiffness,1.0
joints_static,joints[15].absolute_error,0.015073888003826141
joints_static,joints[15].command,-0.10707198828458786
joints_static,joints[15].joint,"""RHipRoll"""
joints_static,joints[15].sensor,-0.09199810028076172
joints_static,joints[15].stiffness,1.0
joints_static,joints[16].absolute_error,0.007281854748725891
joints_static,joints[16].command,0.13687221705913544
joints_static,joints[16].joint,"""RHipPitch"""
joints_static,joints[16].sensor,0.14415407180786133
joints_static,joints[16].stiffness,1.0
joints_static,joints[17].absolute_error,0.005625277757644653
joints_static,joints[17].command,-0.08995321393013
joints_static,joints[17].joint,"""RKneePitch"""
joints_static,joints[17].sensor,-0.08432793617248535
joints_static,joints[17].stiffness,1.0
joints_static,joints[18].absolute_error,0.0010578036308288574
joints_static,joints[18].command,0.0839356780052185
joints_static,joints[18].joint,"""RAnklePitch"""
joints_static,joints[18].sensor,0.08287787437438965
joints_static,joints[18].stiffness,1.0
joints_static,joints[19].absolute_error,0.00483095645904541
joints_static,joints[19].command,0.10151493549346924
joints_static,joints[19].joint,"""RAnkleRoll"""
joints_static,joints[19].sensor,0.09668397903442383
joints_static,joints[19].stiffness,1.0
joints_static,joints[20].absolute_error,0.03544974327087402
joints_static,joints[20].command,1.4433681964874268
joints_static,joints[20].joint,"""RShoulderPitch"""
joints_static,joints[20].sensor,1.4788179397583008
joints_static,joints[20].stiffness,1.0
joints_static,joints[21].absolute_error,0.024227991700172424
joints_static,joints[21].command,-0.2083500772714615
joints_static,joints[21].joint,"""RShoulderRoll"""
joints_static,joints[21].sensor,-0.18412208557128906
joints_static,joints[21].stiffness,1.0
joints_static,joints[22].absolute_error,0.018019795417785645
joints_static,joints[22].command,1.2229442596435547
joints_static,joints[22].joint,"""RElbowYaw"""
joints_static,joints[22].sensor,1.2409640550613403
joints_static,joints[22].stiffness,1.0
joints_static,joints[23].absolute_error,0.007682383060455322
joints_static,joints[23].command,0.4265063405036926
joints_static,joints[23].joint,"""RElbowRoll"""
joints_static,joints[23].sensor,0.4188239574432373
joints_static,joints[23].stiffness,1.0
joints_static,joints[24].absolute_error,0.016292497515678406
joints_static,joints[24].command,0.11098749935626984
joints_static,joints[24].joint,"""RWristYaw"""
joints_static,joints[24].sensor,0.12727999687194824
joints_static,joints[24].stiffness,1.0
joints_static,joints[25].absolute_error,0.006407201290130615
joints_static,joints[25].command,0.3007928133010864
joints_static,joints[25].joint,"""RHand"""
joints_static,joints[25].sensor,0.30720001459121704
joints_static,joints[25].stiffness,1.0
joints_static,warn_error_rad,0.08
imu,AccX.count,20
imu,AccX.max,-0.268242210149765
imu,AccX.mean,-0.3223696440458298
imu,AccX.min,-0.43110352754592896
imu,AccX.stddev,0.05837365387421787
imu,AccY.count,20
imu,AccY.max,-0.09580078721046448
imu,AccY.mean,-0.19208057299256326
imu,AccY.min,-0.2490820437669754
imu,AccY.stddev,0.055899983832048646
imu,AccZ.count,20
imu,AccZ.max,-9.8100004196167
imu,AccZ.mean,-9.848320627212525
imu,AccZ.min,-9.896221160888672
imu,AccZ.stddev,0.03519953511656711
imu,AngleX.count,20
imu,AngleX.max,0.004793818574398756
imu,AngleX.mean,-0.00280892055016011
imu,AngleX.min,-0.009012047201395035
imu,AngleX.stddev,0.0048182679011771635
imu,AngleY.count,20
imu,AngleY.max,-0.033747848123311996
imu,AngleY.mean,-0.038436158746480945
imu,AngleY.min,-0.0425683818757534
imu,AngleY.stddev,0.0028930787472302
imu,GyrX.count,20
imu,GyrX.max,0.0023968450259417295
imu,GyrX.mean,-0.007230482262093574
imu,GyrX.min,-0.011451592668890953
imu,GyrX.stddev,0.003443905994681879
imu,GyrY.count,20
imu,GyrY.max,0.009321063756942749
imu,GyrY.mean,0.0005193163175135851
imu,GyrY.min,-0.008788431994616985
imu,GyrY.stddev,0.006190045331862307
imu,GyrZ.count,20
imu,GyrZ.max,-0.0018642127979546785
imu,GyrZ.mean,-0.0065114289172925055
imu,GyrZ.min,-0.011717909015715122
imu,GyrZ.stddev,0.004149299888297936
imu,acceleration_norm,9.855467330893198
imu,gyro_norm,0.00974414027634243
imu,resolved_keys.AccX,"""Device/SubDeviceList/InertialSensor/AccelerometerX/Sensor/Value"""
imu,resolved_keys.AccY,"""Device/SubDeviceList/InertialSensor/AccelerometerY/Sensor/Value"""
imu,resolved_keys.AccZ,"""Device/SubDeviceList/InertialSensor/AccelerometerZ/Sensor/Value"""
imu,resolved_keys.AngleX,"""Device/SubDeviceList/InertialSensor/AngleX/Sensor/Value"""
imu,resolved_keys.AngleY,"""Device/SubDeviceList/InertialSensor/AngleY/Sensor/Value"""
imu,resolved_keys.GyrX,"""Device/SubDeviceList/InertialSensor/GyroscopeX/Sensor/Value"""
imu,resolved_keys.GyrY,"""Device/SubDeviceList/InertialSensor/GyroscopeY/Sensor/Value"""
imu,resolved_keys.GyrZ,"""Device/SubDeviceList/InertialSensor/GyroscopeZ/Sensor/Value"""
fsr,firmware_totals_and_center_of_pressure.Device/SubDeviceList/LFoot/FSR/CenterOfPressure/X/Sensor/Value,-0.016504786908626556
fsr,firmware_totals_and_center_of_pressure.Device/SubDeviceList/LFoot/FSR/CenterOfPressure/Y/Sensor/Value,-0.0196011271327734
fsr,firmware_totals_and_center_of_pressure.Device/SubDeviceList/LFoot/FSR/TotalWeight/Sensor/Value,3.6359376907348633
fsr,firmware_totals_and_center_of_pressure.Device/SubDeviceList/RFoot/FSR/CenterOfPressure/X/Sensor/Value,-0.0035738691221922636
fsr,firmware_totals_and_center_of_pressure.Device/SubDeviceList/RFoot/FSR/CenterOfPressure/Y/Sensor/Value,0.02012859657406807
fsr,firmware_totals_and_center_of_pressure.Device/SubDeviceList/RFoot/FSR/TotalWeight/Sensor/Value,4.021209239959717
fsr,left_total,3.6359377776971087
fsr,readings.LFoot/FrontLeft,0.0
fsr,readings.LFoot/FrontRight,0.4784415066242218
fsr,readings.LFoot/RearLeft,0.001871404587291181
fsr,readings.LFoot/RearRight,3.1556248664855957
fsr,readings.RFoot/FrontLeft,1.0673500299453735
fsr,readings.RFoot/FrontRight,0.0
fsr,readings.RFoot/RearLeft,2.951140880584717
fsr,readings.RFoot/RearRight,0.002718427451327443
fsr,right_total,4.021209337981418
fsr,total,7.6571471156785265
sonar,left.count,10
sonar,left.max,1.1399999856948853
sonar,left.mean,0.9269999861717224
sonar,left.min,0.5799999833106995
sonar,left.stddev,0.25183527357068103
sonar,right.count,10
sonar,right.max,0.6699999570846558
sonar,right.mean,0.5589999914169311
sonar,right.min,0.5
sonar,right.stddev,0.0605722562177198
cameras,bottom.artifact,"""artifacts/camera_bottom.bmp"""
cameras,bottom.bright_fraction,0.0020689655172413794
cameras,bottom.camera_index,1
cameras,bottom.color_space,11
cameras,bottom.dark_fraction,0.14344827586206896
cameras,bottom.frame_count,3
cameras,bottom.height,240
cameras,bottom.layers,3
cameras,bottom.mean,83.83162620689653
cameras,bottom.mean_sampled_frame_difference,22.995642701525053
cameras,bottom.sample_pixels,1450
cameras,bottom.stddev,52.761799565107225
cameras,bottom.timestamp_microseconds,487371
cameras,bottom.timestamp_seconds,561
cameras,bottom.timestamps[0][0],560
cameras,bottom.timestamps[0][1],87581
cameras,bottom.timestamps[1][0],560
cameras,bottom.timestamps[1][1],820788
cameras,bottom.timestamps[2][0],561
cameras,bottom.timestamps[2][1],487371
cameras,bottom.timestamps_changed,true
cameras,bottom.width,320
cameras,errors.top,"""相机返回的数据结构无效"""
audio,baseline.front.count,7
audio,baseline.front.max,259.03045654296875
audio,baseline.front.mean,155.45100729806083
audio,baseline.front.min,125.66320037841797
audio,baseline.front.stddev,43.895258917274816
audio,baseline.left.count,7
audio,baseline.left.max,263.3415832519531
audio,baseline.left.mean,148.56403023856026
audio,baseline.left.min,113.10497283935547
audio,baseline.left.stddev,47.826791333206046
audio,baseline.rear.count,7
audio,baseline.rear.max,213.88006591796875
audio,baseline.rear.mean,147.99229431152344
audio,baseline.rear.min,106.8793716430664
audio,baseline.rear.stddev,42.371212404759355
audio,baseline.right.count,7
audio,baseline.right.max,455.6090087890625
audio,baseline.right.mean,358.78167724609375
audio,baseline.right.min,303.75665283203125
audio,baseline.right.stddev,44.967318469295456
audio,channels.front.ratio,4.321395962021275
audio,channels.front.rise,860.3427124023438
audio,channels.left.ratio,3.714004243973672
audio,channels.left.rise,714.7101745605469
audio,channels.rear.ratio,3.414679937937527
audio,channels.rear.rise,516.451904296875
audio,channels.right.ratio,3.165987425077344
audio,channels.right.rise,986.8433837890625
audio,during_1khz_tone.front.count,14
audio,during_1khz_tone.front.max,1119.3731689453125
audio,during_1khz_tone.front.mean,475.71573747907365
audio,during_1khz_tone.front.min,139.31063842773438
audio,during_1khz_tone.front.stddev,318.6095781262213
audio,during_1khz_tone.left.count,14
audio,during_1khz_tone.left.max,978.0517578125
audio,during_1khz_tone.left.mean,448.9457359313965
audio,during_1khz_tone.left.min,118.47956085205078
audio,during_1khz_tone.left.stddev,283.8216930174503
audio,during_1khz_tone.rear.count,14
audio,during_1khz_tone.rear.max,730.3319702148438
audio,during_1khz_tone.rear.mean,409.4721472603934
audio,during_1khz_tone.rear.min,133.7501983642578
audio,during_1khz_tone.rear.stddev,242.00946169908042
audio,during_1khz_tone.right.count,14
audio,during_1khz_tone.right.max,1442.452392578125
audio,during_1khz_tone.right.mean,671.7434801374163
audio,during_1khz_tone.right.min,269.1060791015625
audio,during_1khz_tone.right.stddev,294.37668587534813
audio,operator_heard_clean_tone,true
audio,tone_source,"""ALAudioDevice"""
touch,sensors[0].initial,0.0
touch,sensors[0].key,"""Device/SubDeviceList/Head/Touch/Front/Sensor/Value"""
touch,sensors[0].label,"""头顶前部触摸"""
touch,sensors[0].peak,0.0
touch,sensors[0].sensor,"""Head/Touch/Front"""
touch,sensors[0].status,"""timeout"""
touch,sensors[1].activation_seconds,7.124000072479248
touch,sensors[1].final,1.0
touch,sensors[1].initial,0.0
touch,sensors[1].key,"""Device/SubDeviceList/Head/Touch/Middle/Sensor/Value"""
touch,sensors[1].label,"""头顶中部触摸"""
touch,sensors[1].peak,1.0
touch,sensors[1].sensor,"""Head/Touch/Middle"""
touch,sensors[1].status,"""no_release"""
touch,sensors[2].initial,1.0
touch,sensors[2].key,"""Device/SubDeviceList/Head/Touch/Rear/Sensor/Value"""
touch,sensors[2].label,"""头顶后部触摸"""
touch,sensors[2].peak,1.0
touch,sensors[2].sensor,"""Head/Touch/Rear"""
touch,sensors[2].status,"""stuck_high"""
touch,sensors[3].activation_seconds,0.24199986457824707
touch,sensors[3].final,1.0
touch,sensors[3].initial,0.0
touch,sensors[3].key,"""Device/SubDeviceList/LHand/Touch/Back/Sensor/Value"""
touch,sensors[3].label,"""左手背触摸"""
touch,sensors[3].peak,1.0
touch,sensors[3].sensor,"""LHand/Touch/Back"""
touch,sensors[3].status,"""no_release"""
touch,sensors[4].initial,1.0
touch,sensors[4].key,"""Device/SubDeviceList/LHand/Touch/Left/Sensor/Value"""
touch,sensors[4].label,"""左手左侧触摸"""
touch,sensors[4].peak,1.0
touch,sensors[4].sensor,"""LHand/Touch/Left"""
touch,sensors[4].status,"""stuck_high"""
touch,sensors[5].activation_seconds,0.6100001335144043
touch,sensors[5].final,0.0
touch,sensors[5].initial,0.0
touch,sensors[5].key,"""Device/SubDeviceList/LHand/Touch/Right/Sensor/Value"""
touch,sensors[5].label,"""左手右侧触摸"""
touch,sensors[5].peak,1.0
touch,sensors[5].sensor,"""LHand/Touch/Right"""
touch,sensors[5].status,"""passed"""
touch,sensors[6].activation_seconds,3.81499981880188
touch,sensors[6].final,0.0
touch,sensors[6].initial,0.0
touch,sensors[6].key,"""Device/SubDeviceList/RHand/Touch/Back/Sensor/Value"""
touch,sensors[6].label,"""右手背触摸"""
touch,sensors[6].peak,1.0
touch,sensors[6].sensor,"""RHand/Touch/Back"""
touch,sensors[6].status,"""passed"""
touch,sensors[7].activation_seconds,0.4499998092651367
touch,sensors[7].final,0.0
touch,sensors[7].initial,0.0
touch,sensors[7].key,"""Device/SubDeviceList/RHand/Touch/Left/Sensor/Value"""
touch,sensors[7].label,"""右手左侧触摸"""
touch,sensors[7].peak,1.0
touch,sensors[7].sensor,"""RHand/Touch/Left"""
touch,sensors[7].status,"""passed"""
touch,sensors[8].initial,0.0
touch,sensors[8].key,"""Device/SubDeviceList/RHand/Touch/Right/Sensor/Value"""
touch,sensors[8].label,"""右手右侧触摸"""
touch,sensors[8].peak,0.0
touch,sensors[8].sensor,"""RHand/Touch/Right"""
touch,sensors[8].status,"""timeout"""
touch,sensors[9].activation_seconds,0.0840001106262207
touch,sensors[9].final,0.0
touch,sensors[9].initial,0.0
touch,sensors[9].key,"""Device/SubDeviceList/ChestBoard/Button/Sensor/Value"""
touch,sensors[9].label,"""胸口按钮（短按后立即松开）"""
touch,sensors[9].peak,1.0
touch,sensors[9].sensor,"""ChestBoard/Button"""
touch,sensors[9].status,"""passed"""
touch,timeout_seconds,8.0
bumpers,sensors[0].activation_seconds,0.5570001602172852
bumpers,sensors[0].final,0.0
bumpers,sensors[0].initial,0.0
bumpers,sensors[0].key,"""Device/SubDeviceList/LFoot/Bumper/Left/Sensor/Value"""
bumpers,sensors[0].label,"""左脚左侧碰撞开关"""
bumpers,sensors[0].peak,1.0
bumpers,sensors[0].sensor,"""LFoot/Bumper/Left"""
bumpers,sensors[0].status,"""passed"""
bumpers,sensors[1].activation_seconds,7.460000038146973
bumpers,sensors[1].final,0.0
bumpers,sensors[1].initial,0.0
bumpers,sensors[1].key,"""Device/SubDeviceList/LFoot/Bumper/Right/Sensor/Value"""
bumpers,sensors[1].label,"""左脚右侧碰撞开关"""
bumpers,sensors[1].peak,1.0
bumpers,sensors[1].sensor,"""LFoot/Bumper/Right"""
bumpers,sensors[1].status,"""passed"""
bumpers,sensors[2].activation_seconds,3.442999839782715
bumpers,sensors[2].final,0.0
bumpers,sensors[2].initial,0.0
bumpers,sensors[2].key,"""Device/SubDeviceList/RFoot/Bumper/Left/Sensor/Value"""
bumpers,sensors[2].label,"""右脚左侧碰撞开关"""
bumpers,sensors[2].peak,1.0
bumpers,sensors[2].sensor,"""RFoot/Bumper/Left"""
bumpers,sensors[2].status,"""passed"""
bumpers,sensors[3].activation_seconds,0.4140000343322754
bumpers,sensors[3].final,0.0
bumpers,sensors[3].initial,0.0
bumpers,sensors[3].key,"""Device/SubDeviceList/RFoot/Bumper/Right/Sensor/Value"""
bumpers,sensors[3].label,"""右脚右侧碰撞开关"""
bumpers,sensors[3].peak,1.0
bumpers,sensors[3].sensor,"""RFoot/Bumper/Right"""
bumpers,sensors[3].status,"""passed"""
bumpers,timeout_seconds,8.0
leds,available_groups[0],"""AllLeds"""
leds,available_groups[1],"""AllLedsBlue"""
leds,available_groups[2],"""AllLedsGreen"""
leds,available_groups[3],"""AllLedsRed"""
leds,available_groups[4],"""BrainLeds"""
leds,available_groups[5],"""BrainLedsBack"""
leds,available_groups[6],"""BrainLedsFront"""
leds,available_groups[7],"""BrainLedsLeft"""
leds,available_groups[8],"""BrainLedsMiddle"""
leds,available_groups[9],"""BrainLedsRight"""
leds,available_groups[10],"""ChestLeds"""
leds,available_groups[11],"""EarLed1"""
leds,available_groups[12],"""EarLed10"""
leds,available_groups[13],"""EarLed2"""
leds,available_groups[14],"""EarLed3"""
leds,available_groups[15],"""EarLed4"""
leds,available_groups[16],"""EarLed5"""
leds,available_groups[17],"""EarLed6"""
leds,available_groups[18],"""EarLed7"""
leds,available_groups[19],"""EarLed8"""
leds,available_groups[20],"""EarLed9"""
leds,available_groups[21],"""EarLeds"""
leds,available_groups[22],"""FaceLed0"""
leds,available_groups[23],"""FaceLed1"""
leds,available_groups[24],"""FaceLed2"""
leds,available_groups[25],"""FaceLed3"""
leds,available_groups[26],"""FaceLed4"""
leds,available_groups[27],"""FaceLed5"""
leds,available_groups[28],"""FaceLed6"""
leds,available_groups[29],"""FaceLed7"""
leds,available_groups[30],"""FaceLedLeft0"""
leds,available_groups[31],"""FaceLedLeft1"""
leds,available_groups[32],"""FaceLedLeft2"""
leds,available_groups[33],"""FaceLedLeft3"""
leds,available_groups[34],"""FaceLedLeft4"""
leds,available_groups[35],"""FaceLedLeft5"""
leds,available_groups[36],"""FaceLedLeft6"""
leds,available_groups[37],"""FaceLedLeft7"""
leds,available_groups[38],"""FaceLedRight0"""
leds,available_groups[39],"""FaceLedRight1"""
leds,available_groups[40],"""FaceLedRight2"""
leds,available_groups[41],"""FaceLedRight3"""
leds,available_groups[42],"""FaceLedRight4"""
leds,available_groups[43],"""FaceLedRight5"""
leds,available_groups[44],"""FaceLedRight6"""
leds,available_groups[45],"""FaceLedRight7"""
leds,available_groups[46],"""FaceLeds"""
leds,available_groups[47],"""FaceLedsBottom"""
leds,available_groups[48],"""FaceLedsExternal"""
leds,available_groups[49],"""FaceLedsInternal"""
leds,available_groups[50],"""FaceLedsLeftBottom"""
leds,available_groups[51],"""FaceLedsLeftExternal"""
leds,available_groups[52],"""FaceLedsLeftInternal"""
leds,available_groups[53],"""FaceLedsLeftTop"""
leds,available_groups[54],"""FaceLedsRightBottom"""
leds,available_groups[55],"""FaceLedsRightExternal"""
leds,available_groups[56],"""FaceLedsRightInternal"""
leds,available_groups[57],"""FaceLedsRightTop"""
leds,available_groups[58],"""FaceLedsTop"""
leds,available_groups[59],"""FeetLeds"""
leds,available_groups[60],"""LeftEarLeds"""
leds,available_groups[61],"""LeftEarLedsBack"""
leds,available_groups[62],"""LeftEarLedsEven"""
leds,available_groups[63],"""LeftEarLedsFront"""
leds,available_groups[64],"""LeftEarLedsOdd"""
leds,available_groups[65],"""LeftFaceLeds"""
leds,available_groups[66],"""LeftFaceLedsBlue"""
leds,available_groups[67],"""LeftFaceLedsGreen"""
leds,available_groups[68],"""LeftFaceLedsRed"""
leds,available_groups[69],"""LeftFootLeds"""
leds,available_groups[70],"""RightEarLeds"""
leds,available_groups[71],"""RightEarLedsBack"""
leds,available_groups[72],"""RightEarLedsEven"""
leds,available_groups[73],"""RightEarLedsFront"""
leds,available_groups[74],"""RightEarLedsOdd"""
leds,available_groups[75],"""RightFaceLeds"""
leds,available_groups[76],"""RightFaceLedsBlue"""
leds,available_groups[77],"""RightFaceLedsGreen"""
leds,available_groups[78],"""RightFaceLedsRed"""
leds,available_groups[79],"""RightFootLeds"""
leds,available_groups[80],"""duringsleep-faceleds"""
leds,available_groups[81],"""sleep-faceLeds"""
leds,available_groups[82],"""sleep-semiFaceLeds"""
leds,operator_visual_confirmation,true
